"elapsed_seconds","working_set_bytes","private_bytes","dedicated_gpu_bytes"
"1.9","217993216","606068736","433778688"
"3.9","218206208","606134272","433778688"
"5.9","218259456","606199808","433778688"
"8","218267648","606199808","433778688"
"10","218263552","606195712","433778688"
"12","218275840","606216192","433778688"
"14","218275840","606220288","433778688"
"16.1","218279936","606220288","433778688"
"18.1","218284032","606187520","433778688"
"20.2","218316800","606195712","433778688"
"22.2","218320896","606195712","433778688"
"24.2","218349568","606220288","433778688"
"26.2","218357760","606253056","433778688"
"28.2","218357760","606240768","433778688"
"30.3","218353664","606208000","433778688"
"32.3","218353664","606216192","433778688"
"34.3","218353664","606216192","433778688"
"36.4","218365952","606232576","433778688"
"38.4","218382336","606244864","433778688"
"40.4","218386432","606232576","433778688"
"42.4","218505216","606232576","433778688"
"44.5","218501120","606248960","433778688"
"46.5","218521600","606261248","433778688"
"48.5","218546176","606289920","433778688"
"50.5","218546176","606289920","433778688"
"52.6","218550272","606289920","433778688"
"54.6","218550272","606289920","433778688"
"56.6","218550272","606289920","433778688"
"58.7","218550272","606289920","433778688"
"60.7","218492928","606183424","433778688"
"62.7","218492928","606183424","433778688"
"64.7","218497024","606183424","433778688"
"66.8","218497024","606183424","433778688"
"68.8","218501120","606183424","433778688"
"70.8","218505216","606183424","433778688"
"72.9","218505216","606183424","433778688"
"74.9","218505216","606183424","433778688"
"76.9","218509312","606183424","433778688"
"78.9","218513408","606183424","433778688"
"81","218513408","606183424","433778688"
"83","218513408","606183424","433778688"
"85","218513408","606183424","433778688"
"87","218513408","606183424","433778688"
"89.1","218513408","606183424","433778688"
"91.1","218517504","606183424","433778688"
"93.1","218517504","606183424","433778688"
"95.1","218517504","606183424","433778688"
"97.2","218517504","606183424","433778688"
"99.2","218517504","606183424","433778688"
"101.2","218517504","606183424","433778688"
"103.2","218517504","606183424","433778688"
"105.3","218517504","606183424","433778688"
"107.3","218517504","606183424","433778688"
"109.3","218517504","606183424","433778688"
"111.4","218517504","606183424","433778688"
"113.4","218517504","606183424","433778688"
"115.4","218517504","606183424","433778688"
"117.4","218517504","606183424","433778688"
"119.5","218521600","606183424","433778688"
"121.5","218521600","606183424","433778688"
"123.5","218501120","606146560","433778688"
"125.6","218501120","606146560","433778688"
"127.6","218501120","606146560","433778688"
"129.6","218501120","606146560","433778688"
"131.6","218505216","606146560","433778688"
"133.7","218509312","606146560","433778688"
"135.7","218476544","606072832","433778688"
"137.7","218476544","606072832","433778688"
"139.8","218476544","606072832","433778688"
"141.8","218476544","606072832","433778688"
"143.8","218476544","606072832","433778688"
"145.8","218476544","606072832","433778688"
"147.9","218476544","606072832","433778688"
"149.9","218476544","606072832","433778688"
"151.9","218476544","606072832","433778688"
"153.9","218476544","606072832","433778688"
"156","218480640","606072832","433778688"
"158","218480640","606072832","433778688"
"160","218484736","606072832","433778688"
"162.1","218484736","606072832","433778688"
"164.1","218484736","606072832","433778688"
"166.1","218484736","606072832","433778688"
"168.1","218488832","606072832","433778688"
"170.1","218488832","606072832","433778688"
"172.2","218488832","606072832","433778688"
"174.2","218488832","606072832","433778688"
"176.2","218488832","606072832","433778688"
"178.3","218488832","606072832","433778688"
"180.3","218488832","606072832","433778688"
"182.3","218378240","606072832","433778688"
"184.4","218300416","606072832","433778688"
"186.4","218300416","606072832","433778688"
"188.4","218300416","606072832","433778688"
"190.4","218300416","606072832","433778688"
"192.5","218304512","606072832","433778688"
"194.5","218304512","606072832","433778688"
"196.5","218304512","606072832","433778688"
"198.5","218304512","606072832","433778688"
"200.6","218304512","606072832","433778688"
"202.6","218304512","606072832","433778688"
"204.6","218304512","606072832","433778688"
"206.6","218304512","606072832","433778688"
"208.7","218304512","606072832","433778688"
"210.7","218316800","606072832","433778688"
"212.7","218316800","606072832","433778688"
"214.8","218316800","606072832","433778688"
"216.8","218316800","606072832","433778688"
"218.8","218316800","606072832","433778688"
"220.8","218316800","606072832","433778688"
"222.9","218316800","606072832","433778688"
"224.9","218316800","606072832","433778688"
"226.9","218316800","606072832","433778688"
"229","218316800","606072832","433778688"
"231","218316800","606072832","433778688"
"233","218316800","606072832","433778688"
"235","218316800","606072832","433778688"
"237.1","218316800","606072832","433778688"
"239.1","218316800","606072832","433778688"
"241.1","218316800","606072832","433778688"
"243.1","218316800","606072832","433778688"
"245.2","218316800","606072832","433778688"
"247.2","218316800","606072832","433778688"
"249.2","218320896","606072832","433778688"
"251.2","218320896","606072832","433778688"
"253.3","218320896","606072832","433778688"
"255.3","218320896","606072832","433778688"
"257.3","218320896","606072832","433778688"
"259.4","218320896","606072832","433778688"
"261.4","218320896","606072832","433778688"
"263.4","218320896","606072832","433778688"
"265.5","218320896","606072832","433778688"
"267.5","218324992","606072832","433778688"
"269.5","218324992","606072832","433778688"
"271.5","218324992","606072832","433778688"
"273.6","218324992","606072832","433778688"
"275.6","218324992","606072832","433778688"
"277.6","218324992","606072832","433778688"
"279.6","218324992","606072832","433778688"
"281.7","218324992","606072832","433778688"
"283.7","218324992","606072832","433778688"
"285.7","218324992","606072832","433778688"
"287.8","218324992","606072832","433778688"
"289.8","218324992","606072832","433778688"
"291.8","218324992","606072832","433778688"
"293.9","218324992","606072832","433778688"
"295.9","218324992","606072832","433778688"
"297.9","218324992","606072832","433778688"
"299.9","218324992","606072832","433778688"
"302","218652672","606146560","433778688"
"304","218652672","606146560","433778688"
"306","218652672","606146560","433778688"
"308","218652672","606146560","433778688"
"310.1","218652672","606146560","433778688"
"312.1","218652672","606146560","433778688"
"314.1","218652672","606146560","433778688"
"316.1","218652672","606146560","433778688"
"318.2","218652672","606146560","433778688"
"320.2","218652672","606146560","433778688"
"322.2","218652672","606146560","433778688"
"324.2","218652672","606146560","433778688"
"326.3","218652672","606146560","433778688"
"328.3","218652672","606146560","433778688"
"330.3","218652672","606146560","433778688"
"332.4","218652672","606146560","433778688"
"334.4","218652672","606146560","433778688"
"336.4","218652672","606146560","433778688"
"338.4","218652672","606146560","433778688"
"340.4","218652672","606146560","433778688"
"342.5","218652672","606146560","433778688"
"344.5","218652672","606146560","433778688"
"346.5","218652672","606146560","433778688"
"348.5","218652672","606146560","433778688"
"350.6","218652672","606146560","433778688"
"352.6","218652672","606146560","433778688"
"354.6","218652672","606146560","433778688"
"356.6","218652672","606146560","433778688"
"358.7","218652672","606146560","433778688"
"360.7","218660864","606146560","433778688"
"362.7","218836992","606257152","433778688"
"364.7","218836992","606257152","433778688"
"366.8","218836992","606257152","433778688"
"368.8","218836992","606257152","433778688"
"370.8","218836992","606257152","433778688"
"372.9","218836992","606257152","433778688"
"374.9","218836992","606257152","433778688"
"376.9","218836992","606257152","433778688"
"378.9","218836992","606257152","433778688"
"381","218836992","606257152","433778688"
"383","218836992","606257152","433778688"
"385","218836992","606257152","433778688"
"387.1","218836992","606257152","433778688"
"389.1","218836992","606257152","433778688"
"391.1","218836992","606257152","433778688"
"393.1","218836992","606257152","433778688"
"395.1","218836992","606257152","433778688"
"397.2","218836992","606257152","433778688"
"399.2","218836992","606257152","433778688"
"401.2","218836992","606257152","433778688"
"403.2","218796032","606183424","433778688"
"405.3","218796032","606183424","433778688"
"407.3","218796032","606183424","433778688"
"409.3","218800128","606183424","433778688"
"411.3","218800128","606183424","433778688"
"413.4","218800128","606183424","433778688"
"415.4","218800128","606183424","433778688"
"417.4","218800128","606183424","433778688"
"419.4","218800128","606183424","433778688"
"421.5","218800128","606183424","433778688"
"423.5","218800128","606183424","433778688"
"425.5","218800128","606183424","433778688"
"427.6","218800128","606183424","433778688"
"429.6","218800128","606183424","433778688"
"431.6","218800128","606183424","433778688"
"433.6","218800128","606183424","433778688"
"435.7","218800128","606183424","433778688"
"437.7","218800128","606183424","433778688"
"439.7","218800128","606183424","433778688"
"441.7","218800128","606183424","433778688"
"443.8","218800128","606183424","433778688"
"445.8","218800128","606183424","433778688"
"447.8","218800128","606183424","433778688"
"449.8","218800128","606183424","433778688"
"451.9","218800128","606183424","433778688"
"453.9","218800128","606183424","433778688"
"455.9","218800128","606183424","433778688"
"457.9","218800128","606183424","433778688"
"460","218800128","606183424","433778688"
"462","218808320","606183424","433778688"
"464","218808320","606183424","433778688"
"466","218808320","606183424","433778688"
"468.1","218808320","606183424","433778688"
"470.1","218755072","606072832","433778688"
"472.1","218755072","606072832","433778688"
"474.1","218755072","606072832","433778688"
"476.2","218755072","606072832","433778688"
"478.2","218755072","606072832","433778688"
"480.2","218755072","606072832","433778688"
"482.2","218755072","606072832","433778688"
"484.3","218755072","606072832","433778688"
"486.3","218755072","606072832","433778688"
"488.3","218755072","606072832","433778688"
"490.3","218755072","606072832","433778688"
"492.4","218755072","606072832","433778688"
"494.4","218755072","606072832","433778688"
"496.4","218755072","606072832","433778688"
"498.5","218755072","606072832","433778688"
"500.5","218755072","606072832","433778688"
"502.5","218755072","606072832","433778688"
"504.5","218755072","606072832","433778688"
"506.6","218755072","606072832","433778688"
"508.6","218755072","606072832","433778688"
"510.6","218755072","606072832","433778688"
"512.6","218755072","606072832","433778688"
"514.7","218755072","606072832","433778688"
"516.7","218755072","606072832","433778688"
"518.7","218755072","606072832","433778688"
"520.7","218755072","606072832","433778688"
"522.8","218755072","606072832","433778688"
"524.8","218755072","606072832","433778688"
"526.8","218755072","606072832","433778688"
"528.8","218755072","606072832","433778688"
"530.9","218755072","606072832","433778688"
"532.9","218755072","606072832","433778688"
"534.9","218755072","606072832","433778688"
"537","218755072","606072832","433778688"
"539","218755072","606072832","433778688"
"541","218755072","606072832","433778688"
"543","218755072","606072832","433778688"
"545.1","218755072","606072832","433778688"
"547.1","218755072","606072832","433778688"
"549.1","218755072","606072832","433778688"
"551.1","218755072","606072832","433778688"
"553.2","218755072","606072832","433778688"
"555.2","218755072","606072832","433778688"
"557.2","218755072","606072832","433778688"
"559.2","218755072","606072832","433778688"
"561.3","218755072","606072832","433778688"
"563.3","218755072","606072832","433778688"
"565.3","218755072","606072832","433778688"
"567.4","218755072","606072832","433778688"
"569.4","218755072","606072832","433778688"
"571.4","218755072","606072832","433778688"
"573.4","218755072","606072832","433778688"
"575.5","218755072","606072832","433778688"
"577.5","218755072","606072832","433778688"
"579.5","218755072","606072832","433778688"
"581.6","218755072","606072832","433778688"
"583.6","218755072","606072832","433778688"
"585.6","218755072","606072832","433778688"
"587.6","218755072","606072832","433778688"
"589.7","218755072","606072832","433778688"
"591.7","218755072","606072832","433778688"
"593.7","218755072","606072832","433778688"
"595.8","218755072","606072832","433778688"
"597.8","218755072","606072832","433778688"
"599.8","218755072","606072832","433778688"
"601.9","218804224","606109696","433778688"
"603.9","218804224","606109696","433778688"
"605.9","218804224","606109696","433778688"
"607.9","218804224","606109696","433778688"
"610","218804224","606109696","433778688"
"612","218804224","606109696","433778688"
"614","218804224","606109696","433778688"
"616.1","218804224","606109696","433778688"
"618.1","218804224","606109696","433778688"
"620.1","218808320","606109696","433778688"
"622.1","218808320","606109696","433778688"
"624.2","218808320","606109696","433778688"
"626.2","218808320","606109696","433778688"
"628.2","218808320","606109696","433778688"
"630.2","218812416","606109696","433778688"
"632.2","218812416","606109696","433778688"
"634.3","218812416","606109696","433778688"
"636.3","218812416","606109696","433778688"
"638.3","218763264","606109696","433778688"
"640.4","218763264","606109696","433778688"
"642.4","218763264","606109696","433778688"
"644.4","218763264","606109696","433778688"
"646.5","218763264","606109696","433778688"
"648.5","218763264","606109696","433778688"
"650.5","218763264","606109696","433778688"
"652.5","218763264","606109696","433778688"
"654.6","218763264","606109696","433778688"
"656.6","218763264","606109696","433778688"
"658.6","218763264","606109696","433778688"
"660.7","218763264","606109696","433778688"
"662.7","218763264","606109696","433778688"
"664.7","218763264","606109696","433778688"
"666.7","218763264","606109696","433778688"
"668.8","218763264","606109696","433778688"
"670.8","218742784","606072832","433778688"
"672.8","218742784","606072832","433778688"
"674.8","218742784","606072832","433778688"
"676.9","218742784","606072832","433778688"
"678.9","218742784","606072832","433778688"
"680.9","218742784","606072832","433778688"
"682.9","218742784","606072832","433778688"
"685","218742784","606072832","433778688"
"687","218742784","606072832","433778688"
"689","218742784","606072832","433778688"
"691","218742784","606072832","433778688"
"693.1","218742784","606072832","433778688"
"695.1","218742784","606072832","433778688"
"697.1","218742784","606072832","433778688"
"699.1","218742784","606072832","433778688"
"701.2","218746880","606072832","433778688"
"703.2","218746880","606072832","433778688"
"705.2","218746880","606072832","433778688"
"707.3","218746880","606072832","433778688"
"709.3","218746880","606072832","433778688"
"711.3","218746880","606072832","433778688"
"713.3","218746880","606072832","433778688"
"715.4","218746880","606072832","433778688"
"717.4","218746880","606072832","433778688"
"719.4","218746880","606072832","433778688"
"721.5","218746880","606072832","433778688"
"723.5","218746880","606072832","433778688"
"725.5","218746880","606072832","433778688"
"727.5","218746880","606072832","433778688"
"729.6","218746880","606072832","433778688"
"731.6","218746880","606072832","433778688"
"733.6","218746880","606072832","433778688"
"735.6","218746880","606072832","433778688"
"737.7","218746880","606072832","433778688"
"739.7","218746880","606072832","433778688"
"741.7","218746880","606072832","433778688"
"743.7","218746880","606072832","433778688"
"745.8","218746880","606072832","433778688"
"747.8","218746880","606072832","433778688"
"749.8","218746880","606072832","433778688"
"751.9","218746880","606072832","433778688"
"753.9","218746880","606072832","433778688"
"755.9","218746880","606072832","433778688"
"757.9","218746880","606072832","433778688"
"760","218746880","606072832","433778688"
"762","218746880","606072832","433778688"
"764","218746880","606072832","433778688"
"766","218746880","606072832","433778688"
"768","218746880","606072832","433778688"
"770.1","218746880","606072832","433778688"
"772.1","218746880","606072832","433778688"
"774.1","218746880","606072832","433778688"
"776.2","218746880","606072832","433778688"
"778.2","218746880","606072832","433778688"
"780.2","218746880","606072832","433778688"
"782.3","218746880","606072832","433778688"
"784.3","218746880","606072832","433778688"
"786.3","218746880","606072832","433778688"
"788.4","218746880","606072832","433778688"
"790.4","218746880","606072832","433778688"
"792.4","218746880","606072832","433778688"
"794.4","218746880","606072832","433778688"
"796.5","218746880","606072832","433778688"
"798.5","218746880","606072832","433778688"
"800.5","218746880","606072832","433778688"
"802.5","218746880","606072832","433778688"
"804.6","218746880","606072832","433778688"
"806.6","218746880","606072832","433778688"
"808.6","218746880","606072832","433778688"
"810.6","218746880","606072832","433778688"
"812.7","218746880","606072832","433778688"
"814.7","218746880","606072832","433778688"
"816.7","218746880","606072832","433778688"
"818.7","218746880","606072832","433778688"
"820.8","218746880","606072832","433778688"
"822.8","218746880","606072832","433778688"
"824.8","218746880","606072832","433778688"
"826.8","218746880","606072832","433778688"
"828.9","218746880","606072832","433778688"
"830.9","218746880","606072832","433778688"
"832.9","218746880","606072832","433778688"
"834.9","218746880","606072832","433778688"
"837","218746880","606072832","433778688"
"839","218746880","606072832","433778688"
"841","218746880","606072832","433778688"
"843.1","218746880","606072832","433778688"
"845.1","218746880","606072832","433778688"
"847.1","218746880","606072832","433778688"
"849.2","218746880","606072832","433778688"
"851.2","218746880","606072832","433778688"
"853.2","218746880","606072832","433778688"
"855.2","218746880","606072832","433778688"
"857.3","218746880","606072832","433778688"
"859.3","218746880","606072832","433778688"
"861.3","218746880","606072832","433778688"
"863.4","218750976","606072832","433778688"
"865.4","218750976","606072832","433778688"
"867.4","218750976","606072832","433778688"
"869.4","218750976","606072832","433778688"
"871.5","218730496","606035968","433778688"
"873.5","218730496","606035968","433778688"
"875.5","218730496","606035968","433778688"
"877.5","218730496","606035968","433778688"
"879.6","218730496","606035968","433778688"
"881.6","218750976","606072832","433778688"
"883.6","218750976","606072832","433778688"
"885.7","218750976","606072832","433778688"
"887.7","218750976","606072832","433778688"
"889.7","218750976","606072832","433778688"
"891.7","218750976","606072832","433778688"
"893.8","218750976","606072832","433778688"
"895.8","218750976","606072832","433778688"
"897.8","218750976","606072832","433778688"
"899.8","218750976","606072832","433778688"
"901.9","218750976","606072832","433778688"
"903.9","218750976","606072832","433778688"
"905.9","218750976","606072832","433778688"
"908","218750976","606072832","433778688"
"910","218750976","606072832","433778688"
"912","218750976","606072832","433778688"
"914.1","218750976","606072832","433778688"
"916.1","218755072","606072832","433778688"
"918.1","218755072","606072832","433778688"
"920.1","218755072","606072832","433778688"
"922.2","218755072","606072832","433778688"
"924.2","218755072","606072832","433778688"
"926.2","218755072","606072832","433778688"
"928.3","218755072","606072832","433778688"
"930.3","218755072","606072832","433778688"
"932.3","218755072","606072832","433778688"
"934.3","218755072","606072832","433778688"
"936.4","218755072","606072832","433778688"
"938.4","218755072","606072832","433778688"
"940.4","218755072","606072832","433778688"
"942.4","218755072","606072832","433778688"
"944.5","218755072","606072832","433778688"
"946.5","218755072","606072832","433778688"
"948.5","218755072","606072832","433778688"
"950.6","218755072","606072832","433778688"
"952.6","218755072","606072832","433778688"
"954.6","218755072","606072832","433778688"
"956.6","218755072","606072832","433778688"
"958.7","218755072","606072832","433778688"
"960.7","218755072","606072832","433778688"
"962.7","218755072","606072832","433778688"
"964.8","218755072","606072832","433778688"
"966.8","218755072","606072832","433778688"
"968.8","218755072","606072832","433778688"
"970.8","218755072","606072832","433778688"
"972.9","218755072","606072832","433778688"
"974.9","218755072","606072832","433778688"
"976.9","218755072","606072832","433778688"
"979","218755072","606072832","433778688"
"981","218755072","606072832","433778688"
"983","218755072","606072832","433778688"
"985.1","218755072","606072832","433778688"
"987.1","218755072","606072832","433778688"
"989.1","218755072","606072832","433778688"
"991.1","218755072","606072832","433778688"
"993.2","218755072","606072832","433778688"
"995.2","218755072","606072832","433778688"
"997.2","218755072","606072832","433778688"
"999.2","218755072","606072832","433778688"
"1001.3","218755072","606072832","433778688"
"1003.3","218755072","606072832","433778688"
"1005.3","218755072","606072832","433778688"
"1007.4","218755072","606072832","433778688"
"1009.4","218755072","606072832","433778688"
"1011.4","218755072","606072832","433778688"
"1013.5","218755072","606072832","433778688"
"1015.5","218755072","606072832","433778688"
"1017.5","218755072","606072832","433778688"
"1019.5","218755072","606072832","433778688"
"1021.6","218755072","606072832","433778688"
"1023.6","218755072","606072832","433778688"
"1025.6","218755072","606072832","433778688"
"1027.6","218755072","606072832","433778688"
"1029.7","218755072","606072832","433778688"
"1031.7","218755072","606072832","433778688"
"1033.7","218755072","606072832","433778688"
"1035.7","218755072","606072832","433778688"
"1037.8","218755072","606072832","433778688"
"1039.8","218755072","606072832","433778688"
"1041.8","218755072","606072832","433778688"
"1043.9","218755072","606072832","433778688"
"1045.9","218755072","606072832","433778688"
"1047.9","218755072","606072832","433778688"
"1049.9","218755072","606072832","433778688"
"1051.9","218755072","606072832","433778688"
"1054","218755072","606072832","433778688"
"1056","218755072","606072832","433778688"
"1058","218755072","606072832","433778688"
"1060","218755072","606072832","433778688"
"1062.1","218755072","606072832","433778688"
"1064.1","218755072","606072832","433778688"
"1066.1","218755072","606072832","433778688"
"1068.2","218755072","606072832","433778688"
"1070.2","218755072","606072832","433778688"
"1072.2","218755072","606072832","433778688"
"1074.2","218755072","606072832","433778688"
"1076.2","218755072","606072832","433778688"
"1078.3","218755072","606072832","433778688"
"1080.3","218755072","606072832","433778688"
"1082.3","218755072","606072832","433778688"
"1084.4","218755072","606072832","433778688"
"1086.4","218755072","606072832","433778688"
"1088.4","218755072","606072832","433778688"
"1090.4","218755072","606072832","433778688"
"1092.5","218755072","606072832","433778688"
"1094.5","218755072","606072832","433778688"
"1096.5","218755072","606072832","433778688"
"1098.6","218755072","606072832","433778688"
"1100.6","218755072","606072832","433778688"
"1102.6","218755072","606072832","433778688"
"1104.6","218755072","606072832","433778688"
"1106.7","218755072","606072832","433778688"
"1108.7","218755072","606072832","433778688"
"1110.7","218755072","606072832","433778688"
"1112.8","218755072","606072832","433778688"
"1114.8","218755072","606072832","433778688"
"1116.8","218755072","606072832","433778688"
"1118.8","218755072","606072832","433778688"
"1120.9","218755072","606072832","433778688"
"1122.9","218755072","606072832","433778688"
"1124.9","218755072","606072832","433778688"
"1127","218755072","606072832","433778688"
"1129","218755072","606072832","433778688"
"1131","218755072","606072832","433778688"
"1133","218755072","606072832","433778688"
"1135.1","218755072","606072832","433778688"
"1137.1","218755072","606072832","433778688"
"1139.1","218734592","606035968","433778688"
"1141.1","218734592","606035968","433778688"
"1143.2","218734592","606035968","433778688"
"1145.2","218734592","606035968","433778688"
"1147.2","218734592","606035968","433778688"
"1149.3","218734592","606035968","433778688"
"1151.3","218755072","606072832","433778688"
"1153.3","218755072","606072832","433778688"
"1155.3","218755072","606072832","433778688"
"1157.3","218755072","606072832","433778688"
"1159.4","218755072","606072832","433778688"
"1161.4","218755072","606072832","433778688"
"1163.4","218755072","606072832","433778688"
"1165.4","218755072","606072832","433778688"
"1167.5","218755072","606072832","433778688"
"1169.5","218755072","606072832","433778688"
"1171.5","218755072","606072832","433778688"
"1173.6","218755072","606072832","433778688"
"1175.6","218755072","606072832","433778688"
"1177.6","218755072","606072832","433778688"
"1179.6","218755072","606072832","433778688"
"1181.7","218755072","606072832","433778688"
"1183.7","218755072","606072832","433778688"
"1185.7","218755072","606072832","433778688"
"1187.7","218755072","606072832","433778688"
"1189.8","218755072","606072832","433778688"
"1191.8","218755072","606072832","433778688"
"1193.8","218755072","606072832","433778688"
"1195.8","218755072","606072832","433778688"
"1197.9","218755072","606072832","433778688"
"1199.9","218755072","606072832","433778688"
"1201.9","218755072","606072832","433778688"
"1204","218755072","606072832","433778688"
"1206","218755072","606072832","433778688"
"1208","218755072","606072832","433778688"
"1210","218755072","606072832","433778688"
"1212.1","218755072","606072832","433778688"
"1214.1","218755072","606072832","433778688"
"1216.1","218755072","606072832","433778688"
"1218.1","218755072","606072832","433778688"
"1220.2","218755072","606072832","433778688"
"1222.2","218755072","606072832","433778688"
"1224.2","218755072","606072832","433778688"
"1226.2","218755072","606072832","433778688"
"1228.3","218755072","606072832","433778688"
"1230.3","218755072","606072832","433778688"
"1232.3","218755072","606072832","433778688"
"1234.4","218755072","606072832","433778688"
"1236.4","218755072","606072832","433778688"
"1238.4","218755072","606072832","433778688"
"1240.4","218755072","606072832","433778688"
"1242.5","218755072","606072832","433778688"
"1244.5","218755072","606072832","433778688"
"1246.5","218755072","606072832","433778688"
"1248.6","218755072","606072832","433778688"
"1250.6","218755072","606072832","433778688"
"1252.6","218755072","606072832","433778688"
"1254.6","218755072","606072832","433778688"
"1256.7","218755072","606072832","433778688"
"1258.7","218755072","606072832","433778688"
"1260.7","218755072","606072832","433778688"
"1262.7","218755072","606072832","433778688"
"1264.8","218755072","606072832","433778688"
"1266.8","218755072","606072832","433778688"
"1268.8","218755072","606072832","433778688"
"1270.8","218755072","606072832","433778688"
"1272.9","218755072","606072832","433778688"
"1274.9","218755072","606072832","433778688"
"1276.9","218755072","606072832","433778688"
"1278.9","218755072","606072832","433778688"
"1281","218755072","606072832","433778688"
"1283","218755072","606072832","433778688"
"1285","218755072","606072832","433778688"
"1287.1","218755072","606072832","433778688"
"1289.1","218755072","606072832","433778688"
"1291.1","218755072","606072832","433778688"
"1293.1","218755072","606072832","433778688"
"1295.2","218755072","606072832","433778688"
"1297.2","218755072","606072832","433778688"
"1299.2","218755072","606072832","433778688"
"1301.2","218755072","606072832","433778688"
"1303.3","218755072","606072832","433778688"
"1305.3","218755072","606072832","433778688"
"1307.3","218755072","606072832","433778688"
"1309.4","218755072","606072832","433778688"
"1311.4","218755072","606072832","433778688"
"1313.4","218759168","606072832","433778688"
"1315.4","218759168","606072832","433778688"
"1317.5","218759168","606072832","433778688"
"1319.5","218759168","606072832","433778688"
"1321.5","218759168","606072832","433778688"
"1323.5","218759168","606072832","433778688"
"1325.6","218759168","606072832","433778688"
"1327.6","218759168","606072832","433778688"
"1329.6","218759168","606072832","433778688"
"1331.6","218759168","606072832","433778688"
"1333.7","218759168","606072832","433778688"
"1335.7","218759168","606072832","433778688"
"1337.7","218759168","606072832","433778688"
"1339.7","218759168","606072832","433778688"
"1341.8","218759168","606072832","433778688"
"1343.8","218759168","606072832","433778688"
"1345.8","218759168","606072832","433778688"
"1347.8","218759168","606072832","433778688"
"1349.9","218759168","606072832","433778688"
"1351.9","218759168","606072832","433778688"
"1353.9","218759168","606072832","433778688"
"1355.9","218759168","606072832","433778688"
"1358","218759168","606072832","433778688"
"1360","218759168","606072832","433778688"
"1362","218759168","606072832","433778688"
"1364","218759168","606072832","433778688"
"1366.1","218759168","606072832","433778688"
"1368.1","218759168","606072832","433778688"
"1370.1","218759168","606072832","433778688"
"1372.1","218759168","606072832","433778688"
"1374.2","218759168","606072832","433778688"
"1376.2","218759168","606072832","433778688"
"1378.2","218759168","606072832","433778688"
"1380.2","218759168","606072832","433778688"
"1382.3","218759168","606072832","433778688"
"1384.3","218759168","606072832","433778688"
"1386.3","218759168","606072832","433778688"
"1388.4","218759168","606072832","433778688"
"1390.4","218759168","606072832","433778688"
"1392.4","218759168","606072832","433778688"
"1394.4","218759168","606072832","433778688"
"1396.5","218759168","606072832","433778688"
"1398.5","218759168","606072832","433778688"
"1400.5","218759168","606072832","433778688"
"1402.5","218759168","606072832","433778688"
"1404.6","218759168","606072832","433778688"
"1406.6","218759168","606072832","433778688"
"1408.6","218738688","606035968","433778688"
"1410.6","218738688","606035968","433778688"
"1412.7","218738688","606035968","433778688"
"1414.7","218738688","606035968","433778688"
"1416.7","218738688","606035968","433778688"
"1418.8","218738688","606035968","433778688"
"1420.8","218759168","606072832","433778688"
"1422.8","218759168","606072832","433778688"
"1424.8","218759168","606072832","433778688"
"1426.9","218759168","606072832","433778688"
"1428.9","218759168","606072832","433778688"
"1430.9","218759168","606072832","433778688"
"1432.9","218759168","606072832","433778688"
"1435","218759168","606072832","433778688"
"1437","218759168","606072832","433778688"
"1439","218759168","606072832","433778688"
"1441.1","218759168","606072832","433778688"
"1443.1","218759168","606072832","433778688"
"1445.1","218759168","606072832","433778688"
"1447.1","218759168","606072832","433778688"
"1449.2","218759168","606072832","433778688"
"1451.2","218759168","606072832","433778688"
"1453.2","218759168","606072832","433778688"
"1455.3","218759168","606072832","433778688"
"1457.3","218759168","606072832","433778688"
"1459.3","218759168","606072832","433778688"
"1461.3","218759168","606072832","433778688"
"1463.4","218759168","606072832","433778688"
"1465.4","218759168","606072832","433778688"
"1467.4","218759168","606072832","433778688"
"1469.4","218759168","606072832","433778688"
"1471.5","218759168","606072832","433778688"
"1473.5","218759168","606072832","433778688"
"1475.5","218759168","606072832","433778688"
"1477.6","218759168","606072832","433778688"
"1479.6","218759168","606072832","433778688"
"1481.6","218759168","606072832","433778688"
"1483.6","218759168","606072832","433778688"
"1485.7","218759168","606072832","433778688"
"1487.7","218759168","606072832","433778688"
"1489.7","218759168","606072832","433778688"
"1491.7","218759168","606072832","433778688"
"1493.8","218759168","606072832","433778688"
"1495.8","218759168","606072832","433778688"
"1497.8","218759168","606072832","433778688"
"1499.9","218759168","606072832","433778688"
"1501.9","218759168","606072832","433778688"
"1503.9","218759168","606072832","433778688"
"1506","218759168","606072832","433778688"
"1508","218759168","606072832","433778688"
"1510","218759168","606072832","433778688"
"1512","218759168","606072832","433778688"
"1514.1","218759168","606072832","433778688"
"1516.1","218759168","606072832","433778688"
"1518.1","218759168","606072832","433778688"
"1520.2","218759168","606072832","433778688"
"1522.2","218759168","606072832","433778688"
"1524.2","218759168","606072832","433778688"
"1526.3","218759168","606072832","433778688"
"1528.3","218701824","606072832","433778688"
"1530.3","218701824","606072832","433778688"
"1532.3","218701824","606072832","433778688"
"1534.3","218701824","606072832","433778688"
"1536.4","218701824","606072832","433778688"
"1538.4","218701824","606072832","433778688"
"1540.4","218701824","606072832","433778688"
"1542.5","218701824","606072832","433778688"
"1544.5","218701824","606072832","433778688"
"1546.5","218701824","606072832","433778688"
"1548.6","218701824","606072832","433778688"
"1550.6","218701824","606072832","433778688"
"1552.6","218701824","606072832","433778688"
"1554.6","218701824","606072832","433778688"
"1556.7","218701824","606072832","433778688"
"1558.7","218701824","606072832","433778688"
"1560.7","218701824","606072832","433778688"
"1562.8","218701824","606072832","433778688"
"1564.8","218701824","606072832","433778688"
"1566.8","218726400","606072832","433778688"
"1568.8","218726400","606072832","433778688"
"1570.9","218726400","606072832","433778688"
"1572.9","218726400","606072832","433778688"
"1574.9","218726400","606072832","433778688"
"1576.9","218726400","606072832","433778688"
"1579","218726400","606072832","433778688"
"1581","218726400","606072832","433778688"
"1583","218726400","606072832","433778688"
"1585","218726400","606072832","433778688"
"1587.1","218726400","606072832","433778688"
"1589.1","218726400","606072832","433778688"
"1591.1","218726400","606072832","433778688"
"1593.1","218726400","606072832","433778688"
"1595.2","218726400","606072832","433778688"
"1597.2","218726400","606072832","433778688"
"1599.2","218726400","606072832","433778688"
"1601.3","218726400","606072832","433778688"
"1603.3","218726400","606072832","433778688"
"1605.3","218726400","606072832","433778688"
"1607.3","218726400","606072832","433778688"
"1609.4","218726400","606072832","433778688"
"1611.4","218726400","606072832","433778688"
"1613.4","218726400","606072832","433778688"
"1615.4","218726400","606072832","433778688"
"1617.5","218726400","606072832","433778688"
"1619.5","218726400","606072832","433778688"
"1621.5","218726400","606072832","433778688"
"1623.6","218726400","606072832","433778688"
"1625.6","218726400","606072832","433778688"
"1627.6","218726400","606072832","433778688"
"1629.6","218726400","606072832","433778688"
"1631.7","218726400","606072832","433778688"
"1633.7","218726400","606072832","433778688"
"1635.7","218726400","606072832","433778688"
"1637.7","218726400","606072832","433778688"
"1639.8","218726400","606072832","433778688"
"1641.8","218726400","606072832","433778688"
"1643.8","218726400","606072832","433778688"
"1645.9","218726400","606072832","433778688"
"1647.9","218726400","606072832","433778688"
"1649.9","218726400","606072832","433778688"
"1652","218726400","606072832","433778688"
"1654","218726400","606072832","433778688"
"1656","218726400","606072832","433778688"
"1658","218726400","606072832","433778688"
"1660","218726400","606072832","433778688"
"1662.1","218726400","606072832","433778688"
"1664.1","218726400","606072832","433778688"
"1666.1","218726400","606072832","433778688"
"1668.2","218726400","606072832","433778688"
"1670.2","218726400","606072832","433778688"
"1672.2","218726400","606072832","433778688"
"1674.2","218726400","606072832","433778688"
"1676.3","218710016","606035968","433778688"
"1678.3","218710016","606035968","433778688"
"1680.3","218710016","606035968","433778688"
"1682.3","218710016","606035968","433778688"
"1684.4","218710016","606035968","433778688"
"1686.4","218710016","606035968","433778688"
"1688.4","218710016","606035968","433778688"
"1690.5","218710016","606035968","433778688"
"1692.5","218730496","606072832","433778688"
"1694.5","218730496","606072832","433778688"
"1696.5","218730496","606072832","433778688"
"1698.6","218730496","606072832","433778688"
"1700.6","218730496","606072832","433778688"
"1702.6","218730496","606072832","433778688"
"1704.7","218730496","606072832","433778688"
"1706.7","218730496","606072832","433778688"
"1708.7","218730496","606072832","433778688"
"1710.7","218730496","606072832","433778688"
"1712.8","218730496","606072832","433778688"
"1714.8","218730496","606072832","433778688"
"1716.8","218730496","606072832","433778688"
"1718.8","218730496","606072832","433778688"
"1720.9","218730496","606072832","433778688"
"1722.9","218730496","606072832","433778688"
"1724.9","218730496","606072832","433778688"
"1727","218730496","606072832","433778688"
"1729","218730496","606072832","433778688"
"1731","218730496","606072832","433778688"
"1733","218730496","606072832","433778688"
"1735.1","218730496","606072832","433778688"
"1737.1","218730496","606072832","433778688"
"1739.1","218730496","606072832","433778688"
"1741.1","218730496","606072832","433778688"
"1743.2","218730496","606072832","433778688"
"1745.2","218730496","606072832","433778688"
"1747.2","218730496","606072832","433778688"
"1749.3","218730496","606072832","433778688"
"1751.3","218730496","606072832","433778688"
"1753.3","218730496","606072832","433778688"
"1755.3","218730496","606072832","433778688"
"1757.4","218730496","606072832","433778688"
"1759.4","218730496","606072832","433778688"
"1761.4","218730496","606072832","433778688"
"1763.4","218730496","606072832","433778688"
"1765.5","218730496","606072832","433778688"
"1767.5","218730496","606072832","433778688"
"1769.5","218730496","606072832","433778688"
"1771.6","218730496","606072832","433778688"
"1773.6","218730496","606072832","433778688"
"1775.6","218730496","606072832","433778688"
"1777.6","218730496","606072832","433778688"
"1779.7","218730496","606072832","433778688"
"1781.7","218730496","606072832","433778688"
"1783.7","218730496","606072832","433778688"
"1785.7","218730496","606072832","433778688"
"1787.8","218730496","606072832","433778688"
"1789.8","218730496","606072832","433778688"
"1791.8","218730496","606072832","433778688"
"1793.9","218730496","606072832","433778688"
"1795.9","218730496","606072832","433778688"
"1797.9","218730496","606072832","433778688"
"1799.9","218730496","606072832","433778688"
